{
  "embedColor": "#FF69B4",
  "welcomeMessage": "💖 Hello {user}! Welcome to your magical support space! Our friendly staff will be with you soon. Don't worry, you're in safe paws! 🐾",
  "ticketLimit": 3,
  "autoCloseTime": 0,
  "ticketCategories": [
    {
      "name": "General Support",
      "emoji": "💖",
      "categoryId": null
    },
    {
      "name": "Bug Reports",
      "emoji": "🐛",
      "categoryId": null
    },
    {
      "name": "Suggestions",
      "emoji": "💡",
      "categoryId": null
    }
  ],
  "staffRoles": [],
  "adminRoles": [],
  "blacklistedUsers": [],
  "stats": {
    "totalTickets": 3,
    "ticketsToday": 3,
    "ticketsThisWeek": 3,
    "ticketsThisMonth": 3,
    "lastResetDate": "2025-09-20T22:14:49.785Z"
  },
  "cuteResponses": true,
  "randomMessages": [
    "✨ Working some magic for you!",
    "🌸 Processing with love and care!",
    "💫 Adding some sparkle to your request!",
    "🦄 Making unicorn magic happen!",
    "🌈 Creating rainbows and solutions!"
  ]
}